{"inputUnits":[66],"outputUnits":8,"inputs":{"0":{"dtype":"number","min":92.17620373701723,"max":547.0649597286946},"1":{"dtype":"number","min":166.42281694021838,"max":414.3946475499322},"2":{"dtype":"number","min":92.17620373701723,"max":547.0649597286946},"3":{"dtype":"number","min":166.42281694021838,"max":414.3946475499322},"4":{"dtype":"number","min":92.17620373701723,"max":547.0649597286946},"5":{"dtype":"number","min":166.42281694021838,"max":414.3946475499322},"6":{"dtype":"number","min":117.35332555938184,"max":573.0639446176748},"7":{"dtype":"number","min":146.82049310695356,"max":380.68147610967384},"8":{"dtype":"number","min":117.35332555938184,"max":573.0639446176748},"9":{"dtype":"number","min":146.82049310695356,"max":380.68147610967384},"10":{"dtype":"number","min":117.35332555938184,"max":573.0639446176748},"11":{"dtype":"number","min":146.82049310695356,"max":380.68147610967384},"12":{"dtype":"number","min":65.8143124942891,"max":541.5233048407422},"13":{"dtype":"number","min":145.63752053541512,"max":400.0285591437802},"14":{"dtype":"number","min":65.8143124942891,"max":541.5233048407422},"15":{"dtype":"number","min":145.63752053541512,"max":400.0285591437802},"16":{"dtype":"number","min":65.8143124942891,"max":541.5233048407422},"17":{"dtype":"number","min":145.63752053541512,"max":400.0285591437802},"18":{"dtype":"number","min":159.55946422227407,"max":595.5835433870728},"19":{"dtype":"number","min":147.99438357585586,"max":408.2158674273574},"20":{"dtype":"number","min":159.55946422227407,"max":595.5835433870728},"21":{"dtype":"number","min":147.99438357585586,"max":396.1139948140343},"22":{"dtype":"number","min":159.55946422227407,"max":595.5835433870728},"23":{"dtype":"number","min":147.99438357585586,"max":396.1139948140343},"24":{"dtype":"number","min":38.851518686751874,"max":575.6871309336166},"25":{"dtype":"number","min":134.871702733328,"max":396.64441158896994},"26":{"dtype":"number","min":38.851518686751874,"max":575.6871309336166},"27":{"dtype":"number","min":134.871702733328,"max":413.4919206347846},"28":{"dtype":"number","min":38.851518686751874,"max":575.6871309336166},"29":{"dtype":"number","min":134.871702733328,"max":413.4919206347846},"30":{"dtype":"number","min":114.25708971525493,"max":567.1764857123005},"31":{"dtype":"number","min":241.75604182609572,"max":476.0911613598204},"32":{"dtype":"number","min":114.25708971525493,"max":567.1764857123005},"33":{"dtype":"number","min":241.75604182609572,"max":476.0911613598204},"34":{"dtype":"number","min":114.25708971525493,"max":567.1764857123005},"35":{"dtype":"number","min":241.75604182609572,"max":476.0911613598204},"36":{"dtype":"number","min":47.846409609908015,"max":628.2632196437545},"37":{"dtype":"number","min":228.69823671456197,"max":477.414814612554},"38":{"dtype":"number","min":47.846409609908015,"max":628.2632196437545},"39":{"dtype":"number","min":228.69823671456197,"max":477.414814612554},"40":{"dtype":"number","min":47.846409609908015,"max":628.2632196437545},"41":{"dtype":"number","min":228.69823671456197,"max":477.414814612554},"42":{"dtype":"number","min":93.96782174212657,"max":574.718558923078},"43":{"dtype":"number","min":225.6228215327272,"max":543.8703487165723},"44":{"dtype":"number","min":93.96782174212657,"max":574.718558923078},"45":{"dtype":"number","min":225.6228215327272,"max":543.8703487165723},"46":{"dtype":"number","min":93.96782174212657,"max":574.718558923078},"47":{"dtype":"number","min":225.6228215327272,"max":543.8703487165723},"48":{"dtype":"number","min":38.32252814755802,"max":620.6543301885356},"49":{"dtype":"number","min":238.17720944886082,"max":542.5418641088534},"50":{"dtype":"number","min":38.32252814755802,"max":620.6543301885356},"51":{"dtype":"number","min":238.17720944886082,"max":542.5418641088534},"52":{"dtype":"number","min":38.32252814755802,"max":620.6543301885356},"53":{"dtype":"number","min":238.17720944886082,"max":542.5418641088534},"54":{"dtype":"number","min":86.9842315138432,"max":589.327472887541},"55":{"dtype":"number","min":106.5555755436769,"max":560.1663410268563},"56":{"dtype":"number","min":86.9842315138432,"max":589.327472887541},"57":{"dtype":"number","min":106.5555755436769,"max":560.1663410268563},"58":{"dtype":"number","min":86.9842315138432,"max":589.327472887541},"59":{"dtype":"number","min":106.5555755436769,"max":560.1663410268563},"60":{"dtype":"number","min":2.9504290426451325,"max":620.1899500618204},"61":{"dtype":"number","min":91.83516652960526,"max":548.0309665969937},"62":{"dtype":"number","min":2.9504290426451325,"max":620.1899500618204},"63":{"dtype":"number","min":91.83516652960526,"max":548.0309665969937},"64":{"dtype":"number","min":2.9504290426451325,"max":620.1899500618204},"65":{"dtype":"number","min":91.83516652960526,"max":548.0309665969937}},"outputs":{"0":{"dtype":"string","min":0,"max":1,"uniqueValues":["p","c","q","w","l","i","o","u"],"legend":{"p":[1,0,0,0,0,0,0,0],"c":[0,1,0,0,0,0,0,0],"q":[0,0,1,0,0,0,0,0],"w":[0,0,0,1,0,0,0,0],"l":[0,0,0,0,1,0,0,0],"i":[0,0,0,0,0,1,0,0],"o":[0,0,0,0,0,0,1,0],"u":[0,0,0,0,0,0,0,1]}}},"isNormalized":true}