{"inputUnits":[66],"outputUnits":8,"inputs":{"0":{"dtype":"number","min":1,"max":635},"1":{"dtype":"number","min":2,"max":479},"2":{"dtype":"number","min":0,"max":638},"3":{"dtype":"number","min":0,"max":479},"4":{"dtype":"number","min":0,"max":637},"5":{"dtype":"number","min":0,"max":478},"6":{"dtype":"number","min":3,"max":639},"7":{"dtype":"number","min":0,"max":477},"8":{"dtype":"number","min":0,"max":639},"9":{"dtype":"number","min":0,"max":474},"10":{"dtype":"number","min":0,"max":636},"11":{"dtype":"number","min":2,"max":479},"12":{"dtype":"number","min":1,"max":639},"13":{"dtype":"number","min":0,"max":479},"14":{"dtype":"number","min":5,"max":638},"15":{"dtype":"number","min":4,"max":477},"16":{"dtype":"number","min":3,"max":638},"17":{"dtype":"number","min":0,"max":479},"18":{"dtype":"number","min":3,"max":639},"19":{"dtype":"number","min":3,"max":479},"20":{"dtype":"number","min":10,"max":637},"21":{"dtype":"number","min":0,"max":479},"22":{"dtype":"number","min":0,"max":639},"23":{"dtype":"number","min":7,"max":477},"24":{"dtype":"number","min":0,"max":637},"25":{"dtype":"number","min":2,"max":478},"26":{"dtype":"number","min":3,"max":638},"27":{"dtype":"number","min":1,"max":477},"28":{"dtype":"number","min":2,"max":634},"29":{"dtype":"number","min":0,"max":479},"30":{"dtype":"number","min":120.07839087621974,"max":636.1836914895338},"31":{"dtype":"number","min":269.4344033878914,"max":502.81694616723007},"32":{"dtype":"number","min":120.07839087621974,"max":636.1836914895338},"33":{"dtype":"number","min":269.4344033878914,"max":502.81694616723007},"34":{"dtype":"number","min":120.07839087621974,"max":636.1836914895338},"35":{"dtype":"number","min":269.4344033878914,"max":502.81694616723007},"36":{"dtype":"number","min":12.601204736423306,"max":635.3733983328003},"37":{"dtype":"number","min":242.80650118405822,"max":494.70294022885446},"38":{"dtype":"number","min":12.601204736423306,"max":635.3733983328003},"39":{"dtype":"number","min":242.80650118405822,"max":494.70294022885446},"40":{"dtype":"number","min":12.601204736423306,"max":635.3733983328003},"41":{"dtype":"number","min":242.80650118405822,"max":494.70294022885446},"42":{"dtype":"number","min":112.55478410925316,"max":641.8217819243611},"43":{"dtype":"number","min":244.40678587201506,"max":566.7904752318622},"44":{"dtype":"number","min":112.55478410925316,"max":641.8217819243611},"45":{"dtype":"number","min":244.40678587201506,"max":566.7904752318622},"46":{"dtype":"number","min":112.55478410925316,"max":641.8217819243611},"47":{"dtype":"number","min":244.40678587201506,"max":566.7904752318622},"48":{"dtype":"number","min":-7.987544782909965,"max":642.5206764027854},"49":{"dtype":"number","min":254.21129728618422,"max":564.1779664989567},"50":{"dtype":"number","min":-7.987544782909965,"max":642.5206764027854},"51":{"dtype":"number","min":254.21129728618422,"max":564.1779664989567},"52":{"dtype":"number","min":-7.987544782909965,"max":642.5206764027854},"53":{"dtype":"number","min":254.21129728618422,"max":564.1779664989567},"54":{"dtype":"number","min":93.42372961211622,"max":615.0350140131007},"55":{"dtype":"number","min":94.65440538194443,"max":561.5985889695077},"56":{"dtype":"number","min":93.42372961211622,"max":615.0350140131007},"57":{"dtype":"number","min":94.65440538194443,"max":561.5985889695077},"58":{"dtype":"number","min":93.42372961211622,"max":615.0350140131007},"59":{"dtype":"number","min":94.65440538194443,"max":561.5985889695077},"60":{"dtype":"number","min":-2.9362806056210404,"max":621.8998179891188},"61":{"dtype":"number","min":137.21199020772417,"max":563.2131621898034},"62":{"dtype":"number","min":-2.9362806056210404,"max":621.8998179891188},"63":{"dtype":"number","min":137.21199020772417,"max":563.2131621898034},"64":{"dtype":"number","min":-2.9362806056210404,"max":621.8998179891188},"65":{"dtype":"number","min":139.9544603968689,"max":563.2131621898034}},"outputs":{"0":{"dtype":"string","min":0,"max":1,"uniqueValues":["c","q","w","i","o","p","l","u"],"legend":{"c":[1,0,0,0,0,0,0,0],"q":[0,1,0,0,0,0,0,0],"w":[0,0,1,0,0,0,0,0],"i":[0,0,0,1,0,0,0,0],"o":[0,0,0,0,1,0,0,0],"p":[0,0,0,0,0,1,0,0],"l":[0,0,0,0,0,0,1,0],"u":[0,0,0,0,0,0,0,1]}}},"isNormalized":true}